用户ID,服务ID,时间,行为,内容,转推,喜欢,回复,URL
Nick Craver,Twitter,上午6:04 - 2017年1月17日,喜欢,ERSATZ DEVLOPER 的 Twitter: “MORNIN”,0,2,2,https://twitter.com/jasonpunyon/status/821357584179400704
Nick Craver,Twitter,上午5:55 - 2017年1月7日,喜欢,ERSATZ DEVLOPER 的 Twitter: “MORNIN”,0,1,1,https://twitter.com/jasonpunyon/status/817731436405030912
Nick Craver,Twitter,上午3:36 - 2016年12月28日,喜欢,ERSATZ DEVLOPER 的 Twitter: “MORNIN”,0,1,1,https://twitter.com/jasonpunyon/status/814072611252686848
Nick Craver,Twitter,上午4:15 - 2016年12月21日,喜欢,ERSATZ DEVLOPER 的 Twitter: “MORNIN”,0,1,1,https://twitter.com/jasonpunyon/status/811545708641841152
Nick Craver,Twitter,下午7:03 - 2016年12月6日,喜欢,"The Practical Dev 的 Twitter: “That does it for a great hour of #devdiscuss, but feel free to keep chatting.&#10;&#10;Shout out to @Nick_Craver for some brilliant contributions. https://t.co/6Qv3BEQkfS”",0,22,2,https://twitter.com/thepracticaldev/status/806333240298635264
Nick Craver,Twitter,上午7:38 - 2017年1月16日,喜欢,ERSATZ DEVLOPER 的 Twitter: “MORNIN”,0,2,1,https://twitter.com/jasonpunyon/status/821018807376416769
Nick Craver,Twitter,上午5:20 - 2017年1月6日,喜欢,ERSATZ DEVLOPER 的 Twitter: “MORNIN”,0,1,1,https://twitter.com/jasonpunyon/status/817360135739899906
Nick Craver,Twitter,下午4:13 - 2016年12月27日,喜欢,Jon Galloway 的 Twitter: “How to tell you&#39;re running an old version of a software application in 2016:&#10;No Dark Theme option provided”,0,95,6,https://twitter.com/jongalloway/status/813900626249674752
Nick Craver,Twitter,下午10:56 - 2016年12月20日,喜欢,Jared Parsons 的 Twitter: “@davkean @terrajobst  can&#39;t set a precedent by introducing useful and performant features. :)”,0,2,1,https://twitter.com/jaredpar/status/811465428249649152
Nick Craver,Twitter,下午9:18 - 2016年12月3日,喜欢,Steven Taylor 的 Twitter: “@SwiftOnSecurity is https://t.co/71QiE8NUfX available?”,0,2,2,https://twitter.com/torch02/status/805279999368564736
Nick Craver,Twitter,下午6:16 - 2017年1月15日,喜欢,Elise Craver 的 Twitter: “Done! We have struts. 97/131 pages https://t.co/2eCgQ6EE8C”,0,4,4,https://twitter.com/e_craver/status/820816942911123457
Nick Craver,Twitter,下午5:04 - 2017年1月4日,喜欢,Ted Goas 的 Twitter: “@Nick_Craver Nick...”,0,1,1,https://twitter.com/tedgoas/status/816812693122351104
Nick Craver,Twitter,上午6:51 - 2016年12月27日,喜欢,Nick Larsen 的 Twitter: “@Nick_Craver @JasonPunyon https://t.co/DAslW38sfw”,0,2,2,https://twitter.com/fody/status/813759139230973952
Nick Craver,Twitter,上午4:26 - 2016年12月20日,喜欢,ERSATZ DEVLOPER 的 Twitter: “MORNIN”,0,3,1,https://twitter.com/jasonpunyon/status/811186108826611712
Nick Craver,Twitter,下午3:57 - 2016年12月3日,喜欢,ERSATZ DEVLOPER 的 Twitter: “Dex loves guac. https://t.co/ruJ9NM1zCB”,0,7,1,https://twitter.com/jasonpunyon/status/805199404831506433
Nick Craver,Twitter,下午4:37 - 2017年1月13日,喜欢,Scott Koon 的 Twitter: “@shanselman GIF”,0,13,1,https://twitter.com/lazycoder/status/820067394987114496
Nick Craver,Twitter,上午8:29 - 2017年1月4日,喜欢,Joel Spolsky 的 Twitter: “@Nick_Craver love those artesanal lineman dykes”,0,1,1,https://twitter.com/spolsky/status/816682872492933120
Nick Craver,Twitter,上午4:12 - 2016年12月27日,喜欢,ERSATZ DEVLOPER 的 Twitter: “MORNIN”,0,2,2,https://twitter.com/jasonpunyon/status/813719264360271872
Nick Craver,Twitter,上午4:04 - 2016年12月19日,喜欢,ERSATZ DEVLOPER 的 Twitter: “MORNIN”,0,3,1,https://twitter.com/jasonpunyon/status/810818175440982016
Nick Craver,Twitter,下午4:05 - 2016年12月2日,喜欢,Geoff Dalgas 的 Twitter: “@SaraJChipps I consider them rejected candy bars”,0,1,1,https://twitter.com/superdalgas/status/804839034182733825
Nick Craver,Twitter,上午4:04 - 2017年1月13日,喜欢,ERSATZ DEVLOPER 的 Twitter: “MORNIN”,0,1,1,https://twitter.com/jasonpunyon/status/819877747753439232
Nick Craver,Twitter,上午4:15 - 2017年1月3日,喜欢,ERSATZ DEVLOPER 的 Twitter: “MORNIN”,0,2,1,https://twitter.com/jasonpunyon/status/816256646217342976
Nick Craver,Twitter,上午9:15 - 2016年12月25日,喜欢,Bill the Lizard 的 Twitter: “@Nick_Craver You can borrow my knife. https://t.co/EysXnDO2OQ”,0,11,1,https://twitter.com/lizardbill/status/813070615833939969
Nick Craver,Twitter,上午6:46 - 2016年12月18日,喜欢,ERSATZ DEVLOPER 的 Twitter: “MORNIN”,0,3,2,https://twitter.com/jasonpunyon/status/810496429252820992
Nick Craver,Twitter,下午5:10 - 2016年12月1日,喜欢,Scott Hanselman 的 Twitter: “Me: An eye for an eye...&#10;11 year old: MAKES US ALL PIRATES!&#10;Me: O_o”,0,155,10,https://twitter.com/shanselman/status/804492954962300928
Nick Craver,Twitter,上午5:57 - 2017年1月12日,喜欢,ERSATZ DEVLOPER 的 Twitter: “MORNIN”,0,2,2,https://twitter.com/jasonpunyon/status/819543801844928513
Nick Craver,Twitter,上午12:50 - 2017年1月3日,喜欢,Maarten Balliauw 的 Twitter: “Blogged: Exploring .NET managed heap with ClrMD https://t.co/ZHuxVNXDOc”,0,93,5,https://twitter.com/maartenballiauw/status/816204980646510593
Nick Craver,Twitter,上午2:44 - 2016年12月25日,喜欢,Jon Skeet 的 Twitter: “Address in church helped me clarify my problem with Trump. President should be a servant; Trump seems to think he will be a king.”,0,110,15,https://twitter.com/jonskeet/status/812972293978726400
Nick Craver,Twitter,上午6:16 - 2016年12月17日,喜欢,ERSATZ DEVLOPER 的 Twitter: “MORNIN”,0,4,1,https://twitter.com/jasonpunyon/status/810126539018878977
Nick Craver,Twitter,下午3:29 - 2016年12月1日,喜欢,Jeff Fritz 的 Twitter: “We&#39;re planning a @jewelbots party for my daughters and their friends to play and learn how to code https://t.co/KZb1G2U6pW”,0,39,3,https://twitter.com/csharpfritz/status/804467600537296901
Nick Craver,Twitter,下午1:29 - 2017年1月10日,喜欢,Ben Adams 的 Twitter: “@Nick_Craver @SitnikAdam updated with benchmarks; improves x1.9 - x3.5”,0,3,3,https://twitter.com/ben_a_adams/status/818932797280755712
Nick Craver,Twitter,上午7:05 - 2017年1月1日,喜欢,ERSATZ DEVLOPER 的 Twitter: “MORNIN”,0,2,1,https://twitter.com/jasonpunyon/status/815574761862524928
Nick Craver,Twitter,下午2:31 - 2016年12月24日,喜欢,Roberta Arcoverde 的 Twitter: “Family friend told me my tattoo was too big. Told them I&#39;m about to make it bigger. Reveling in their looks of disapproval 💪🏼”,0,33,3,https://twitter.com/rla4/status/812787817810198529
Nick Craver,Twitter,下午1:38 - 2016年12月16日,喜欢,ERSATZ DEVLOPER 的 Twitter: “SABBATICAL MODE: ACTIVATE”,0,14,2,https://twitter.com/jasonpunyon/status/809875366701649920
Nick Craver,Twitter,上午12:58 - 2016年11月30日,喜欢,Christopher Haws 的 Twitter: “@Nick_Craver This is where I got that info from: https://t.co/IsGc2bXlKO”,0,7,1,https://twitter.com/cribs2/status/803886020731105280
Nick Craver,Twitter,上午4:18 - 2017年1月10日,喜欢,ERSATZ DEVLOPER 的 Twitter: “MORNIN”,0,1,1,https://twitter.com/jasonpunyon/status/818794259398754304
Nick Craver,Twitter,上午1:55 - 2016年12月29日,喜欢,Håkon K. Olafsen 的 Twitter: “@Nick_Craver status after three nights https://t.co/dlZpj0tnbj”,0,1,1,https://twitter.com/haakoo/status/814409498861457408
Nick Craver,Twitter,上午6:01 - 2016年12月24日,喜欢,ERSATZ DEVLOPER 的 Twitter: “MORNIN”,0,1,1,https://twitter.com/jasonpunyon/status/812659592475897856
Nick Craver,Twitter,上午12:38 - 2016年12月16日,喜欢,"Jon Galloway 的 Twitter: “Me: Oh, this game looks maybe fun.&#10;Uplay: Heyo!&#10;Me: Nope nope nope nope.&#10;/me goes to wash dishes or something”",0,15,1,https://twitter.com/jongalloway/status/809679028101599232
Nick Craver,Twitter,下午3:53 - 2016年11月26日,喜欢,ERSATZ DEVLOPER 的 Twitter: “@clipperhouse I MEAN MY DEVSTORY #ShillinForCorporate”,0,6,1,https://twitter.com/jasonpunyon/status/802661632849612801
Nick Craver,Twitter,上午7:03 - 2017年1月8日,喜欢,ERSATZ DEVLOPER 的 Twitter: “MORNIN”,0,2,2,https://twitter.com/jasonpunyon/status/818110780650438656
Nick Craver,Twitter,下午1:24 - 2016年12月28日,喜欢,"Immo Landwerth 的 Twitter: “@Nick_Craver challenge: open all the packages, put all pieces on one giant pile, and assemble it like we did when we were young :-)”",0,8,1,https://twitter.com/terrajobst/status/814220491200163840
Nick Craver,Twitter,下午1:48 - 2016年12月23日,喜欢,ERSATZ DEVLOPER 的 Twitter: “MORNIN”,0,1,1,https://twitter.com/jasonpunyon/status/812414663417876481
Nick Craver,Twitter,下午4:06 - 2016年12月8日,喜欢,ERSATZ DEVLOPER 的 Twitter: “And he decided to do this for the first time... https://t.co/WNYas3511P”,0,10,2,https://twitter.com/jasonpunyon/status/807013455412809728
Nick Craver,Twitter,上午9:37 - 2016年11月26日,喜欢,Geoff Dalgas 的 Twitter: “Teaching the younger generation about technology using the power of animated GIFs https://t.co/4UBOEw9llf”,0,35,2,https://twitter.com/superdalgas/status/802566889322913792
Nick Craver,Twitter,上午9:10 - 2017年1月7日,喜欢,Damian Edwards 的 Twitter: “Ahem @davidfowl https://t.co/KDhdUM5eUP”,0,9,3,https://twitter.com/damianedwards/status/817780450517139456
Nick Craver,Twitter,上午5:33 - 2016年12月28日,喜欢,Jin Yang 的 Twitter: “@Nick_Craver have you accepted Rngesus as your Lord and Savior?”,0,5,5,https://twitter.com/jzy/status/814101914048675841
Nick Craver,Twitter,下午2:40 - 2016年12月7日,喜欢,ERSATZ DEVLOPER 的 Twitter: “@codinghorror Grew &#39;em myself.”,0,1,1,https://twitter.com/jasonpunyon/status/806629375844163584
Nick Craver,Twitter,上午5:48 - 2016年11月26日,喜欢,Jay Hanlon 的 Twitter: “I am an EXCELLENT father. https://t.co/A4g3bjhdAG”,0,33,2,https://twitter.com/jayhanlon/status/802509396051980292
Nick Craver,Twitter,上午4:23 - 2016年12月22日,喜欢,ERSATZ DEVLOPER 的 Twitter: “MORNIN”,0,1,1,https://twitter.com/jasonpunyon/status/811910064843976704
Nick Craver,Twitter,下午2:58 - 2016年11月25日,喜欢,"ERSATZ DEVLOPER 的 Twitter: “@Nick_Craver @marcgravell My disk is full, and I&#39;m getting a headache!”",0,2,2,https://twitter.com/jasonpunyon/status/802285408390356997
Nick Craver,Twitter,下午3:12 - 2016年11月21日,喜欢,ERSATZ DEVLOPER 的 Twitter: “@marcgravell Gotta make &#39;em appreciate the good things.”,0,1,1,https://twitter.com/jasonpunyon/status/800839363395514368
Nick Craver,Twitter,下午1:01 - 2016年11月13日,喜欢,"Kevin Jones 的 Twitter: “@Nick_Craver given everyone&#39;s frustration for ordering one, I&#39;m guessing they made 7 to 10.”",0,1,1,https://twitter.com/vcsjones/status/797907309435305984
Nick Craver,Twitter,下午1:13 - 2016年11月3日,喜欢,"Marc Gravell 的 Twitter: “@haneycodes can I get a Bible belt extender? It is like a seat belt extender, but bigger”",0,4,4,https://twitter.com/marcgravell/status/794271304639741952
Nick Craver,Twitter,下午7:17 - 2016年10月30日,喜欢,Nick Larsen 的 Twitter: “Setting this city on fire #PhillyCheeseStack https://t.co/nZuhUdPX2T”,0,2,1,https://twitter.com/fody/status/792913402515554304
Nick Craver,Twitter,上午7:15 - 2016年11月25日,喜欢,Geoff Dalgas 的 Twitter: “@Nick_Craver GE dimmers are nice https://t.co/GYK6l97wza with the add on paddle  https://t.co/FX2KtYn8iv”,0,1,1,https://twitter.com/superdalgas/status/802168736459259904
Nick Craver,Twitter,下午7:26 - 2016年11月18日,喜欢,Damian Edwards 的 Twitter: “The cat has been sitting with us at the table every night for a few weeks now so I decided to dress her accordingly https://t.co/u7XYqDs1nE”,0,50,5,https://twitter.com/damianedwards/status/799816086040363008
Nick Craver,Twitter,上午7:14 - 2016年11月25日,喜欢,"Shane Madden 的 Twitter: “@Nick_Craver @SuperDalgas I&#39;m waiting on https://t.co/Q9PBWSbHBS to release for buying any more, the older gen has a couple quirks.”",0,1,1,https://twitter.com/shanemadden/status/802168599528017921
Nick Craver,Twitter,下午7:09 - 2016年10月30日,喜欢,"Kaitlin Pike 的 Twitter: “Hotel, motel, Holiday Inn... er, The Logan. #PhillyCheeseStack https://t.co/WF3ClOIUzC”",0,8,1,https://twitter.com/kcpike/status/792911275693117440
Nick Craver,Twitter,下午2:02 - 2016年11月12日,喜欢,Scott Hanselman 的 Twitter: “8 year old: I&#39;m so glad Daddy is back. He smells like armpits and insulin.”,0,133,17,https://twitter.com/shanselman/status/797560166891720704
Nick Craver,Twitter,上午11:47 - 2016年11月3日,喜欢,Ben Dumke-v. d. Ehe 的 Twitter: “@JasonPunyon I smell a picbot.”,0,5,1,https://twitter.com/balpha/status/794249727114149889
Nick Craver,Twitter,下午5:50 - 2016年11月18日,喜欢,"Roberta Arcoverde 的 Twitter: “OMG, pilot just announced that it&#39;s supposed to be snowing in Chicago by the time we land! Will I FINALLY see some snow this time?”",0,19,2,https://twitter.com/rla4/status/799792035314233344
Nick Craver,Twitter,上午5:59 - 2016年11月25日,喜欢,Ben Dumke-v. d. Ehe 的 Twitter: “@Nick_Craver It&#39;s never too late to start learning. https://t.co/CylqHxPPQd”,0,3,3,https://twitter.com/balpha/status/802149834396418048
Nick Craver,Twitter,下午3:37 - 2016年10月29日,喜欢,"SwiftOnSecurity 的 Twitter: “Put-off by these people with Trump as their avatar. It&#39;s really disturbing, being so obsessed with someone you make your account about them.”",0,608,31,https://twitter.com/swiftonsecurity/status/792495556488683521
Nick Craver,Twitter,下午10:49 - 2016年11月11日,喜欢,Immo Landwerth 的 Twitter: “Have the best wife b/c she lets me out on a Friday night even though I already partied all week with my MVP friends. Tomorrow: family time 💕”,0,26,2,https://twitter.com/terrajobst/status/797330539128594432
Nick Craver,Twitter,上午6:22 - 2016年11月3日,喜欢,"Roberta Arcoverde 的 Twitter: “Also: still haven&#39;t gone to bed since yesterday. Last woman standing, mission accomplished”",0,18,3,https://twitter.com/rla4/status/794167746359496704
Nick Craver,Twitter,下午6:18 - 2016年11月17日,喜欢,Jin Yang 的 Twitter: “Dinner with @jarrod_dixon https://t.co/IZPhxtVNfS”,0,17,2,https://twitter.com/jzy/status/799436524454547456
Nick Craver,Twitter,下午6:32 - 2016年11月24日,喜欢,Whitney Champion 的 Twitter: “forrest gump has the best soundtrack of all time ❤”,0,13,8,https://twitter.com/shortxstack/status/801976916353937408
Nick Craver,Twitter,下午2:14 - 2016年10月29日,喜欢,Elise Craver 的 Twitter: “Lightsaber done! #CraverCostumeFactory https://t.co/6aE8Qp9WUc”,0,5,1,https://twitter.com/e_craver/status/792474642732777472
Nick Craver,Twitter,下午11:23 - 2016年11月10日,喜欢,Immo Landwerth 的 Twitter: “Can&#39;t believe #mvpsummit has ended. It was awesome and I&#39;m very much looking forward seeing you guys again next year! 🖖 meanwhile cu on 🐦&amp;🐱”,0,19,1,https://twitter.com/terrajobst/status/796976635882848256
Nick Craver,Twitter,下午9:25 - 2016年11月2日,喜欢,John W. 的 Twitter: “@BonksMullet yeah but that was yesterday”,0,316,1,https://twitter.com/jmwall24/status/794032621919633408
Nick Craver,Twitter,上午9:09 - 2016年11月17日,喜欢,ERSATZ DEVLOPER 的 Twitter: “#SQUEEE https://t.co/MMPcPVic9J”,0,4,4,https://twitter.com/jasonpunyon/status/799298374356893696
Nick Craver,Twitter,上午12:30 - 2016年11月24日,喜欢,Scott Hanselman 的 Twitter: “SHOPPING: The 2016 Christmas List of Best STEM Toys for your little nerds and nerdettes https://t.co/95D9g6fa4k”,0,112,8,https://twitter.com/shanselman/status/801704526218600448
Nick Craver,Twitter,上午6:12 - 2016年10月29日,喜欢,"YacFace 的 Twitter: “@Nick_Craver OMG! What a cutie! She&#39;s correct. Seriously does look like whiskers. Cute, bloody whiskers.”",0,3,3,https://twitter.com/yacface/status/792353372460417025
Nick Craver,Twitter,下午2:55 - 2016年11月9日,喜欢,Jin Yang 的 Twitter: “@JasonPunyon aww https://t.co/aA0c5X4Y89”,0,10,4,https://twitter.com/jzy/status/796486450032287744
Nick Craver,Twitter,上午10:36 - 2016年11月2日,喜欢,Adam Lear 的 Twitter: “@sassiestone what kind of pokemon is that?”,0,6,2,https://twitter.com/aalear/status/793869294077616128
Nick Craver,Twitter,下午8:32 - 2016年11月16日,喜欢,David Fowler 的 Twitter: “@davkean @rrelyea I was thinking we should have just made the csproj double clickable like any other file”,0,31,5,https://twitter.com/davidfowl/status/799107947234095104
Nick Craver,Twitter,下午4:51 - 2016年11月23日,喜欢,Des 的 Twitter: “@Nick_Craver also omg they are so cute. Happy thanksgiving!”,0,1,1,https://twitter.com/desinavadeh/status/801589057402744832
Nick Craver,Twitter,上午5:20 - 2016年10月28日,喜欢,"Elise Craver 的 Twitter: “Go go, teacher imposter! #UndercoverLise”",0,1,2,https://twitter.com/e_craver/status/791977913654673408
Nick Craver,Twitter,上午7:09 - 2016年11月9日,喜欢,Immo Landwerth 的 Twitter: “Wow. I had this really bad nightmare where Trump won the...Oh shit.”,0,14,2,https://twitter.com/terrajobst/status/796369148473286656
Nick Craver,Twitter,下午10:08 - 2016年10月31日,喜欢,"David Robinson 的 Twitter: “12:30: Can&#39;t sleep, I&#39;ll watch something on Netflix&#10;&#10;12:31: Oh, I haven&#39;t seen The Babadook&#10;&#10;1:00: Problem solved, I&#39;ll never sleep again”",0,64,3,https://twitter.com/drob/status/793318851874258944
Nick Craver,Twitter,下午4:46 - 2016年11月16日,喜欢,Andy Gocke 的 Twitter: “@davkean @terrajobst @Nick_Craver Pretty good https://t.co/Evi6rzbJ7o”,0,9,9,https://twitter.com/andygocke/status/799050956616761344
Nick Craver,Twitter,下午11:20 - 2016年11月22日,喜欢,"Vicky Harp 的 Twitter: “God, I just read that a little boy in that bus crash told responders that his mother&#39;s name was Mama. I want to wake my son to hold him.”",0,7,2,https://twitter.com/vickyharp/status/801324476818489344
Nick Craver,Twitter,上午12:33 - 2016年10月28日,喜欢,Néstor Soriano 的 Twitter: “@Nick_Craver I was fired for having a bad character”,0,7,1,https://twitter.com/konamiman_en/status/791905606546386945
Nick Craver,Twitter,上午5:30 - 2016年11月9日,喜欢,"Geoff Dalgas 的 Twitter: “Hello darkness my old friend, I can&#39;t believe we meet again. I will respect the darkness but turn my light up to help others. Also hugs!”",0,14,2,https://twitter.com/superdalgas/status/796344091051106305
Nick Craver,Twitter,下午10:03 - 2016年10月31日,喜欢,Bret Copeland 的 Twitter: “I&#39;m staggered by the shower of praise on my Shuttle talk. Thank you so much. You made the crazy hours I put in worth it. #PhillyCheeseStack”,0,41,2,https://twitter.com/bretcope/status/793317473969958912
Nick Craver,Twitter,下午4:37 - 2016年11月16日,喜欢,"David Kean 的 Twitter: “@terrajobst @Nick_Craver It&#39;s sunny right now in Melbourne, how&#39;s the weather in Seattle?”",0,4,2,https://twitter.com/davkean/status/799048821476950016
Nick Craver,Twitter,下午7:32 - 2016年11月21日,喜欢,Marco Cecconi 的 Twitter: “You&#39;d like it here @Nick_Craver! https://t.co/BNKaIdCjPN”,0,1,1,https://twitter.com/sklivvz/status/800904801449951233
Nick Craver,Twitter,上午12:06 - 2016年10月27日,喜欢,Salvatore Sanfilippo 的 Twitter: “@samsaffron little known command for testing… in case may be useful: 127.0.0.1:6379&gt; debug error -LOADING foo bar&#10;(error) -LOADING foo bar”,0,8,2,https://twitter.com/antirez/status/791536480288120833
Nick Craver,Twitter,上午5:14 - 2016年11月9日,喜欢,"Roberta Arcoverde 的 Twitter: “Temer, Brexit, Trump. Fuck this year, really :\”",0,12,1,https://twitter.com/rla4/status/796340087457988608
Nick Craver,Twitter,下午9:52 - 2016年10月31日,喜欢,Adam Lear 的 Twitter: “Redrum. #PhillyCheeseStack https://t.co/oKVi2ontmI”,0,14,1,https://twitter.com/aalear/status/793314657595428864
Nick Craver,Twitter,上午10:07 - 2016年11月16日,喜欢,"David Fowler 的 Twitter: “We have a secret weapon, his name is @ben_a_adams”",0,49,1,https://twitter.com/davidfowl/status/798950550100320257
Nick Craver,Twitter,下午4:44 - 2016年11月21日,喜欢,Marc Gravell 的 Twitter: “@Nick_Craver @codinghorror @JasonPunyon something something because he hasn&#39;t met them something burn?”,0,2,2,https://twitter.com/marcgravell/status/800862589567660032
Nick Craver,Twitter,下午1:10 - 2016年10月25日,喜欢,Scott Hanselman 的 Twitter: “@Nick_Craver @Johnmont ok literally not sure how that&#39;s possible. Will find someone.”,0,1,1,https://twitter.com/shanselman/status/791008990792589313
Nick Craver,Twitter,上午5:03 - 2016年11月9日,喜欢,your friend kasra 的 Twitter: “I just don&#39;t get any of this. These people are against letting people like me in the country. Have you met me? I&#39;m fucking delightful!”,0,63,6,https://twitter.com/jc4p/status/796337414402953220
Nick Craver,Twitter,下午9:34 - 2016年10月31日,喜欢,Geoff Dalgas 的 Twitter: “@m0sa @haneycodes I KNEW IT”,0,4,4,https://twitter.com/superdalgas/status/793310115654885376
Nick Craver,Twitter,下午12:51 - 2016年11月14日,喜欢,Jared Parsons 的 Twitter: “Days since I got the build break squirrel: 0.”,0,4,1,https://twitter.com/jaredpar/status/798267058219675648
Nick Craver,Twitter,上午5:54 - 2016年11月4日,喜欢,"Geoff Dalgas 的 Twitter: “Daddy is home, these two are the reason I do what I do https://t.co/N2NXLqWscM”",0,19,1,https://twitter.com/superdalgas/status/794523306971910144
Nick Craver,Twitter,下午2:59 - 2016年10月24日,喜欢,"ERSATZ DEVLOPER 的 Twitter: “@Nick_Craver Feel better, man &lt;3”",0,2,2,https://twitter.com/jasonpunyon/status/790674114855866369
Nick Craver,Twitter,上午10:17 - 2016年10月31日,喜欢,Alternative Jess 的 Twitter: “Huge thanks to @stevvve! I sent him to my room to grab my DayQuil but he couldn&#39;t find it so he went and BOUGHT me some. #PhillyCheeseStack”,0,14,2,https://twitter.com/cake_tease/status/793139919082418176
Nick Craver,Twitter,下午3:09 - 2016年10月22日,喜欢,Geoff Dalgas 的 Twitter: “Arduino controlled Bat using IR wands from Great Wolf Lodge and a bit of code - Hacky Halloween https://t.co/xeo3Ber9dh”,0,31,4,https://twitter.com/superdalgas/status/789951773721047041
Nick Craver,Twitter,上午10:52 - 2016年10月14日,喜欢,Elise Craver 的 Twitter: “Leila&#39;s first plane ride was a success. We&#39;re in the clouds...cooool. https://t.co/hndPf7KCqz”,0,1,1,https://twitter.com/e_craver/status/786988178863427584
Nick Craver,Twitter,上午10:42 - 2016年10月2日,喜欢,"ERSATZ DEVLOPER 的 Twitter: “W: How many years until we get to do that again, you think?”",0,2,1,https://twitter.com/jasonpunyon/status/782636803077640192
Nick Craver,Twitter,下午5:02 - 2016年9月26日,喜欢,Cassie Dean Montrose 的 Twitter: “I&#39;m basically watching the debate. https://t.co/1yUCFmvp1n”,0,11,1,https://twitter.com/sassiestone/status/780558189259436033
Nick Craver,Twitter,下午4:42 - 2016年9月18日,喜欢,David Robinson 的 Twitter: “On the red carpet at #Emmys https://t.co/zP47tqpgIr”,0,100,10,https://twitter.com/drob/status/777654122174484480
Nick Craver,Twitter,上午7:42 - 2016年10月22日,喜欢,"David Haney 的 Twitter: “@Nick_Craver hah, got me. Took two feed passes to catch it you bugger”",0,1,1,https://twitter.com/haneycodes/status/789839257036853249
Nick Craver,Twitter,下午8:27 - 2016年10月12日,喜欢,David Kean 的 Twitter: “Current State: Removing unneeded async state machines across the tree.”,0,13,7,https://twitter.com/davkean/status/786408044808646658
Nick Craver,Twitter,上午10:41 - 2016年10月2日,喜欢,ERSATZ DEVLOPER 的 Twitter: “W: ...”,0,2,1,https://twitter.com/jasonpunyon/status/782636669652627457
Nick Craver,Twitter,上午9:26 - 2016年9月25日,喜欢,Elise Craver 的 Twitter: “@E_Craver And a cheeseball. https://t.co/EmLWDyE08q”,0,2,2,https://twitter.com/e_craver/status/780081099976347648
Nick Craver,Twitter,下午6:10 - 2016年9月16日,喜欢,David Fowler 的 Twitter: “I think I got @marcgravell hooked on channels 😬. #dotnet”,0,15,2,https://twitter.com/davidfowl/status/776951521791479810
Nick Craver,Twitter,下午5:46 - 2016年10月19日,喜欢,SwiftOnSecurity 的 Twitter: “@elonmusk How about a robot that can drive our country”,0,413,24,https://twitter.com/swiftonsecurity/status/788904248285261825
Nick Craver,Twitter,下午6:51 - 2016年10月12日,喜欢,"Liza Sperling 的 Twitter: “@Nick_Craver I am pegged as an obvious extrovert, but I refuel with time alone. Maybe we broke the model?”",0,2,2,https://twitter.com/lizasperling/status/786383736896053248
Nick Craver,Twitter,上午10:41 - 2016年10月2日,喜欢,ERSATZ DEVLOPER 的 Twitter: “W: And watch movies?&#10;Me: Yeah.”,0,2,1,https://twitter.com/jasonpunyon/status/782636588769615876
Nick Craver,Twitter,上午9:26 - 2016年9月25日,喜欢,Elise Craver 的 Twitter: “Hiking with the most adorable 30-lb. dead weight ever. https://t.co/Cf73w4pmfC”,0,7,2,https://twitter.com/e_craver/status/780080965238611968
Nick Craver,Twitter,下午5:23 - 2016年9月16日,喜欢,"Chris Davies 的 Twitter: “@elonmusk Seems a bit extreme to rename a planet, but I guess it had a good run as Mars”",0,428,6,https://twitter.com/c_davies/status/776939490791174144
Nick Craver,Twitter,下午4:46 - 2016年10月18日,喜欢,"Ned Pyle 的 Twitter: “Aaaannnnd, 13 minutes @SwiftOnSecurity https://t.co/b23PABcuZR”",0,198,6,https://twitter.com/nerdpyle/status/788526629102297088
Nick Craver,Twitter,下午6:39 - 2016年10月12日,喜欢,Adam Lear 的 Twitter: “@Nick_Craver I handle it generally badly - by starting a lot of things that need doing and finishing few. Working on being better about that”,0,11,1,https://twitter.com/aalear/status/786380869594451968
Nick Craver,Twitter,上午10:40 - 2016年10月2日,喜欢,ERSATZ DEVLOPER 的 Twitter: “Wife: Remember when we used to lay in bed all weekend?&#10;Me: Yeah.”,0,5,1,https://twitter.com/jasonpunyon/status/782636506859073536
Nick Craver,Twitter,下午2:27 - 2016年9月24日,喜欢,"ERSATZ DEVLOPER 的 Twitter: “@Nick_Craver @E_Craver We did it with Elle last year. It was a cheap model, but fine.”",0,1,1,https://twitter.com/jasonpunyon/status/779794388985769984
Nick Craver,Twitter,下午5:20 - 2016年9月16日,喜欢,"Nick Larsen 的 Twitter: “@JasonPunyon first words out of his mouth are ohh god damn it, I could not hold it together, laughing hysterically in the parking lot”",0,4,2,https://twitter.com/fody/status/776938870856450049
Nick Craver,Twitter,上午11:36 - 2016年10月17日,喜欢,Joel Spolsky 的 Twitter: “@Nick_Craver toldja we&#39;d stump you”,0,3,3,https://twitter.com/spolsky/status/788086302151434240
Nick Craver,Twitter,上午1:31 - 2016年10月8日,喜欢,"Jon Galloway 的 Twitter: “Just sent my dad a big thank you letter for being super awesome. If you get on well with your dad and haven&#39;t told him, maybe do the same?”",0,48,1,https://twitter.com/jongalloway/status/784672522490945537
Nick Craver,Twitter,上午10:02 - 2016年10月2日,喜欢,Immo Landwerth 的 Twitter: “@Nick_Craver @ben_a_adams @DamianEdwards sure. Low  tech solution for could be a giant table. Will do.”,0,1,1,https://twitter.com/terrajobst/status/782626773271928832
Nick Craver,Twitter,下午1:01 - 2016年9月24日,喜欢,"your friend kasra 的 Twitter: “not making any new repositories, or writing any new project code https://t.co/RQNcXmwtdc”",0,12,1,https://twitter.com/jc4p/status/779772833819799552
Nick Craver,Twitter,下午5:09 - 2016年9月16日,喜欢,Ben Adams 的 Twitter: “@Nick_Craver I think HTTPS would be timely and widely relevant”,0,2,2,https://twitter.com/ben_a_adams/status/776935956352040960
Nick Craver,Twitter,上午12:52 - 2016年10月17日,喜欢,David Fowler 的 Twitter: “@aliostad @clemensv @rogeralsing @kellabyte @aspnet To pretend like those things are decoupled is just insanity.”,0,1,1,https://twitter.com/davidfowl/status/787924142255243266
Nick Craver,Twitter,下午4:29 - 2016年10月7日,喜欢,Security Whisperer 的 Twitter: “@SwiftOnSecurity Well true. Some gas station bathrooms aren&#39;t disgusting.”,0,4,4,https://twitter.com/petrillic/status/784536236644036608
Nick Craver,Twitter,下午2:19 - 2016年9月28日,喜欢,Mark Henderson 的 Twitter: “Another day of doing the cyber completed. https://t.co/DKkD0Yl0sT”,0,2,2,https://twitter.com/thefarseeker/status/781241868566704136
Nick Craver,Twitter,上午6:05 - 2016年9月24日,喜欢,"Joshua Clark 的 Twitter: “@Nick_Craver As a programmer who lives next to their corporate headquarters, I can say firmly that’s it’s J2EE and consultants”",0,1,1,https://twitter.com/clarkis117/status/779668185385672704
Nick Craver,Twitter,上午12:29 - 2016年10月17日,喜欢,"David Fowler 的 Twitter: “@clemensv @rogeralsing @kellabyte although, stackoverflow seems to be doing well with redis, https://t.co/4PmXMQN7SX and SQL”",0,5,2,https://twitter.com/davidfowl/status/787918363502579712
Nick Craver,Twitter,下午4:20 - 2016年10月7日,喜欢,David Haney 的 Twitter: “The worst has now passed JAX. Branches everywhere. Power still on here but cable / internet dead. Signing off for evening. #HurricaneMatthew”,0,9,2,https://twitter.com/haneycodes/status/784533899930169346
Nick Craver,Twitter,下午5:09 - 2016年9月27日,喜欢,"Nick Craver 的 Twitter: “We’re on peacock.&#10;2yo: “The eagle can run!”&#10;Me: “Almost! What does it start with?”&#10;2yo: “…p!”&#10;2yo: “…the peagle can run!”&#10;Ah, parenting.”",0,12,1,https://twitter.com/nick_craver/status/780922262883069952
Nick Craver,Twitter,下午5:07 - 2016年9月23日,喜欢,so-called developer 的 Twitter: “@Nick_Craver statusEnum.ToString().ToUpper()”,0,16,16,https://twitter.com/adammaras/status/779472340694343681
Nick Craver,Twitter,上午5:17 - 2016年9月16日,喜欢,ERSATZ DEVLOPER 的 Twitter: “@balpha comic sans?”,0,3,3,https://twitter.com/jasonpunyon/status/776756978727133185
Nick Craver,Twitter,上午7:31 - 2016年10月16日,喜欢,Roberta Arcoverde 的 Twitter: “@Nick_Craver &lt;3 that means a lot”,0,1,1,https://twitter.com/rla4/status/787662208603914240
Nick Craver,Twitter,上午4:53 - 2016年10月7日,喜欢,"ERSATZ DEVLOPER 的 Twitter: “@drob You&#39;ve written about Trump though, you&#39;re just part of the media industrial complex destroying this country one election at a time...”",0,2,1,https://twitter.com/jasonpunyon/status/784361045997551616
Nick Craver,Twitter,下午12:45 - 2016年9月27日,喜欢,"Scott Hanselman 的 Twitter: “@Nick_Craver it&#39;s not you, it&#39;s more then random WTF MICROSOFT tweets that suck. Sorry to blame you.”",0,2,2,https://twitter.com/shanselman/status/780856007043932160
Nick Craver,Twitter,上午8:19 - 2016年9月23日,喜欢,"Bill the Lizard 的 Twitter: “@Nick_Craver If you&#39;re going to create technical debt, I guess you might as well make it a long-term loan.”",0,2,2,https://twitter.com/lizardbill/status/779339394616524800
Nick Craver,Twitter,下午3:49 - 2016年9月15日,喜欢,Roberta Arcoverde 的 Twitter: “@sklivvz @shog9 @haneycodes @jc4p @rossipedia @Nick_Craver are we still talking about cheese?”,0,5,5,https://twitter.com/rla4/status/776553605620830208
Nick Craver,Twitter,下午12:21 - 2016年10月15日,喜欢,Elise Craver 的 Twitter: “Beautiful day for a wedding! https://t.co/vJ6k5B38Sk”,0,1,1,https://twitter.com/e_craver/status/787372760951586816
Nick Craver,Twitter,下午2:43 - 2016年10月6日,喜欢,Barry Dorrans 的 Twitter: “Note this is not any code written by @davidfowl”,0,3,1,https://twitter.com/blowdart/status/784147163689328641
Nick Craver,Twitter,上午3:44 - 2016年9月27日,喜欢,Mark Henderson 的 Twitter: “@Nick_Craver especially works as a verb.”,0,1,1,https://twitter.com/thefarseeker/status/780719793703784452
Nick Craver,Twitter,下午10:44 - 2016年9月19日,喜欢,Julien Roncaglia 🦊 的 Twitter: “@terrajobst @Nick_Craver courage was shiping a Server-OS with a start menu UI made for touch screen devices 😸👍”,0,4,1,https://twitter.com/virtualblackfox/status/778107578593271809
Nick Craver,Twitter,上午9:18 - 2016年9月15日,喜欢,SwiftOnSecurity 的 Twitter: “Only like... 2 people.”,0,172,9,https://twitter.com/swiftonsecurity/status/776455042920484865
Nick Craver,Twitter,下午1:28 - 2016年10月4日,喜欢,Jason Skarsten 的 Twitter: “@bradwilson @Nick_Craver @ryancrawcour @DamianEdwards @onovotny free instagram filter”,0,1,1,https://twitter.com/jasonskarsten/status/783403348103868416
Nick Craver,Twitter,下午6:16 - 2016年9月26日,喜欢,SwiftOnSecurity 的 Twitter: “THIS IS A TEST of the Cyber Shitpost Alert System.&#10;In a real trigger you would see prewritten shitpost memes from @SwiftOnSecurity.&#10;END TEST”,0,147,15,https://twitter.com/swiftonsecurity/status/780576809599590400
Nick Craver,Twitter,下午6:24 - 2016年9月19日,喜欢,bluefeet 的 Twitter: “@Nick_Craver you sure work fast”,0,1,1,https://twitter.com/onlybluefeet/status/778042119021731840
Nick Craver,Twitter,上午5:56 - 2016年10月15日,喜欢,Roberta Arcoverde 的 Twitter: “Steam just gets me https://t.co/gtXzMJF5pg”,0,17,2,https://twitter.com/rla4/status/787275888811466753
Nick Craver,Twitter,下午1:42 - 2016年9月14日,喜欢,Vicky Harp 的 Twitter: “Just got a goodie from @Idera_Software https://t.co/yo53Z2LEGG”,0,33,10,https://twitter.com/vickyharp/status/776159235377881088
Nick Craver,Twitter,上午6:47 - 2016年9月12日,喜欢,Joshua Hynes 的 Twitter: “…&#10;&#10;cc @keithmessick @FranLukesh https://t.co/UklKxpXj8T”,0,4,4,https://twitter.com/hellohynes/status/775329973594910720
Nick Craver,Twitter,下午4:26 - 2016年9月9日,喜欢,"Nick Larsen 的 Twitter: “@Nick_Craver that&#39;s gold, pure gold”",0,1,1,https://twitter.com/fody/status/774388562309545985
Nick Craver,Twitter,下午8:16 - 2016年9月4日,喜欢,"Doug Luxem 的 Twitter: “@Nick_Craver Did this last year. We share tools, beer, dinners, and Minecraft servers. 100% recommend!”",0,1,1,https://twitter.com/dluxem/status/772634526585462784
Nick Craver,Twitter,下午2:55 - 2016年8月20日,喜欢,"ERSATZ DEVLOPER 的 Twitter: “Stop lying, @twitter... https://t.co/GmZQrqLeL7”",0,10,10,https://twitter.com/jasonpunyon/status/767117784643842048
Nick Craver,Twitter,下午7:08 - 2016年8月8日,喜欢,ERSATZ DEVLOPER 的 Twitter: “https://t.co/wUAOfoyKhV”,0,7,1,https://twitter.com/jasonpunyon/status/762832857135927296
Nick Craver,Twitter,下午5:23 - 2016年7月20日,喜欢,ERSATZ DEVLOPER 的 Twitter: “@michaelpryor Still holding down the 7 billion under 7 billion over here. I could probably get you in.”,0,5,1,https://twitter.com/jasonpunyon/status/755921056532078592
Nick Craver,Twitter,下午3:33 - 2016年9月9日,喜欢,ERSATZ DEVLOPER 的 Twitter: “@Nick_Craver https://t.co/YJAgUPHB58”,0,4,4,https://twitter.com/jasonpunyon/status/774375218781519876
Nick Craver,Twitter,下午4:20 - 2016年9月3日,喜欢,"David Kean 的 Twitter: “@terrajobst and my lightning talk at @dotnetfringe, on some of the changes we&#39;re making in the new project system: https://t.co/sjU5gy5eyR”",0,40,6,https://twitter.com/davkean/status/772212697580445696
Nick Craver,Twitter,下午3:26 - 2016年8月19日,喜欢,"Elise Craver 的 Twitter: “@Nick_Craver Hey now, we took this stuff all down from the walls. It was hung once! (TWSS?)”",0,2,2,https://twitter.com/e_craver/status/766763235408224256
Nick Craver,Twitter,下午5:30 - 2016年8月8日,喜欢,ERSATZ DEVLOPER 的 Twitter: “Oh no I signed up to give a talk on Rol and now I actually have to do it.”,0,8,1,https://twitter.com/jasonpunyon/status/762808144967766016
Nick Craver,Twitter,下午3:51 - 2016年7月20日,喜欢,Nick Larsen 的 Twitter: “@kevinmontrose @Nick_Craver did you get it?”,0,4,4,https://twitter.com/fody/status/755897845874556928
Nick Craver,Twitter,上午9:20 - 2016年9月9日,喜欢,ERSATZ DEVLOPER 的 Twitter: “[4h] Write a chat bot where when someone says 6-8 weeks it replies We don&#39;t do that anymore.”,0,4,4,https://twitter.com/jasonpunyon/status/774281286252949504
Nick Craver,Twitter,上午9:04 - 2016年9月1日,喜欢,ERSATZ DEVLOPER 的 Twitter: “@Nick_Craver I don&#39;t know but this guy seems to agree with you. https://t.co/FoyZtPi5c8”,0,9,2,https://twitter.com/jasonpunyon/status/771378179608981504
Nick Craver,Twitter,下午2:59 - 2016年8月15日,喜欢,ERSATZ DEVLOPER 的 Twitter: “@Nick_Craver Oh shit man. Feel better.”,0,1,1,https://twitter.com/jasonpunyon/status/765306844285919236
Nick Craver,Twitter,上午9:09 - 2016年8月7日,喜欢,Marco Cecconi 的 Twitter: “@PaulDJohnston @Nick_Craver @SteveALee I think pretty much everyone in this thread gets invited to speak at conferences... :-)”,0,3,3,https://twitter.com/sklivvz/status/762319809807867906
Nick Craver,Twitter,下午3:29 - 2016年7月19日,喜欢,Joshua Hynes 的 Twitter: “My son&#39;s packing list for vacation. https://t.co/fvDHklbg7M”,0,14,4,https://twitter.com/hellohynes/status/755529981887819776
Nick Craver,Twitter,上午9:17 - 2016年9月9日,喜欢,ERSATZ DEVLOPER 的 Twitter: “RIP 6-8 Weeks”,0,12,3,https://twitter.com/jasonpunyon/status/774280619799015424
Nick Craver,Twitter,上午7:54 - 2016年8月31日,喜欢,ecobee 的 Twitter: “@Nick_Craver Great to hear Nick! Let us know if you have any issues! Welcome to the Hive!”,0,1,1,https://twitter.com/ecobee/status/770998304901505024
Nick Craver,Twitter,下午2:56 - 2016年8月15日,喜欢,ERSATZ DEVLOPER 的 Twitter: “@Nick_Craver Elle has that same dress.”,0,1,1,https://twitter.com/jasonpunyon/status/765306085653839873
Nick Craver,Twitter,上午5:40 - 2016年8月7日,喜欢,ERSATZ DEVLOPER 的 Twitter: “@gortok @Nick_Craver &#10;How-to: &#10;&#10;Step 1: It came with the house.&#10;Step 2: Enjoy tasty beverage.”,0,5,5,https://twitter.com/jasonpunyon/status/762267096176668676
Nick Craver,Twitter,上午6:38 - 2016年7月11日,喜欢,"Samantha Cotten 的 Twitter: “It&#39;s @courtnycotten 1st day back from paternity leave. &#10;&#10;For him today ranks only slightly behind our baby&#39;s birthday, but above Christmas.”",0,5,1,https://twitter.com/samanthacotten/status/752497412795723776
Nick Craver,Twitter,下午5:33 - 2016年9月8日,喜欢,"Scott Hanselman 的 Twitter: “What a privilege that I&#39;m vertical, I&#39;m breathing, that I *even have a car* and that I have savings for deductible. Reflect on yours as well”",0,186,25,https://twitter.com/shanselman/status/774042976624386052
Nick Craver,Twitter,下午2:32 - 2016年8月28日,喜欢,ERSATZ DEVLOPER 的 Twitter: “My following is small but captive. https://t.co/deUfcY9lG0”,0,14,2,https://twitter.com/jasonpunyon/status/770011210209226753
Nick Craver,Twitter,上午8:19 - 2016年8月15日,喜欢,Tashas[E]v 的 Twitter: “@Nick_Craver but joking aside-I hurt the crap out of myself once falling down stairs and recovery took months-hope you&#39;re ok friend”,0,1,1,https://twitter.com/tashasev/status/765206388184346624
Nick Craver,Twitter,下午1:06 - 2016年8月5日,喜欢,Adam Lear 的 Twitter: “@Nick_Craver @JasonPunyon holy shit a talking suspension!”,0,5,1,https://twitter.com/aalear/status/761654700563398658
Nick Craver,Twitter,上午6:35 - 2016年7月10日,喜欢,SwiftOnSecurity 的 Twitter: “@elonmusk is it true that tesla autopilot is actually based on amazon mechanical turk? if you ignore this ill know the answer”,0,92,3,https://twitter.com/swiftonsecurity/status/752134241144610816
Nick Craver,Twitter,下午5:31 - 2016年9月8日,喜欢,Scott Hanselman 的 Twitter: “Had a car accident this morning. I&#39;m fine. Car is not. It almost ruined my day. Then I remembered how lucky I am. I have insurance. I&#39;m OK.”,0,355,74,https://twitter.com/shanselman/status/774042559995719680
Nick Craver,Twitter,上午9:26 - 2016年8月28日,喜欢,"Adam Lear 的 Twitter: “@Nick_Craver On the upside, the store is designed such that by the time you get to the checkout, they may no longer be your loved ones.”",0,4,1,https://twitter.com/aalear/status/769934188627779584
Nick Craver,Twitter,上午6:54 - 2016年8月15日,喜欢,"David Robinson 的 Twitter: “Good morning, new followers expecting political analysis and not arguments about graphing software&#10;&#10;You&#39;re in for some disappointment”",0,169,12,https://twitter.com/drob/status/765184786478563328
Nick Craver,Twitter,下午12:49 - 2016年8月5日,喜欢,ERSATZ DEVLOPER 的 Twitter: “@E_Craver @Nick_Craver I&#39;d watch the marshmallow bachelor.”,0,2,2,https://twitter.com/jasonpunyon/status/761650354819772416
Nick Craver,Twitter,下午5:47 - 2016年7月5日,喜欢,"David Fowler 的 Twitter: “@ben_a_adams @bradwilson this. Maybe it’s time to write a blog post about, async/await, async io, tasks, iocp, and the thread pool.”",0,41,6,https://twitter.com/davidfowl/status/750491244762017792
Nick Craver,Twitter,下午2:25 - 2016年9月8日,喜欢,Elise Craver 的 Twitter: “@Nick_Craver Starting with this one.”,0,13,3,https://twitter.com/e_craver/status/773995684789821440
Nick Craver,Twitter,下午3:39 - 2016年8月13日,喜欢,Jin Yang 的 Twitter: “@Nick_Craver https://t.co/OZ7AMt09lm”,0,2,2,https://twitter.com/jzy/status/764592247396528128
Nick Craver,Twitter,下午5:18 - 2016年8月2日,喜欢,"Roberta Arcoverde 的 Twitter: “@Nick_Craver me too, my friend, me too”",0,1,1,https://twitter.com/rla4/status/760630789201625088
Nick Craver,Twitter,上午11:57 - 2016年7月3日,喜欢,Geoff Dalgas 的 Twitter: “@Nick_Craver no laptops where I was so I spent time teaching my kids to compile code by hand https://t.co/Eb8i4rrwpd”,0,6,6,https://twitter.com/superdalgas/status/749678520570224642
Nick Craver,Twitter,上午8:55 - 2016年8月25日,喜欢,"Peter Grace 的 Twitter: “@OdedCoster @RadcliffeBrine @JonHMChan Oh, nothing much, just telling them what they should not do (cc @Nick_Craver) https://t.co/Nr8ZRL1E0k”",0,3,3,https://twitter.com/petergrace/status/768839171062444032
Nick Craver,Twitter,上午5:10 - 2016年9月7日,喜欢,Jin Yang 的 Twitter: “@Nick_Craver mmm bacon”,0,2,2,https://twitter.com/jzy/status/773493632158445568
Nick Craver,Twitter,下午1:43 - 2016年8月13日,喜欢,Blue Apron 的 Twitter: “@Nick_Craver Glad to lend a helping hand...err...box! Good luck with the move. :-)”,0,2,2,https://twitter.com/blueapron/status/764562991811559424
Nick Craver,Twitter,下午4:45 - 2016年8月2日,喜欢,ERSATZ DEVLOPER 的 Twitter: “HOLY CRAP ON A GOOD GRIEF CRACKER! is one of the choicer phrases to come out of the markov chain I&#39;m raising.”,0,6,3,https://twitter.com/jasonpunyon/status/760622596001980416
Nick Craver,Twitter,下午1:29 - 2016年7月2日,喜欢,Scott Hanselman 的 Twitter: “@paulcbetts @codinghorror @Nick_Craver I&#39;m saying 6 year old Crucial to 850 Pro is bananas. It&#39;s like getting an SSD ;)”,0,8,8,https://twitter.com/shanselman/status/749339150088679424
Nick Craver,Twitter,下午1:58 - 2016年8月22日,喜欢,Geoff Dalgas 的 Twitter: “I&#39;d like to thank my daughter for getting this snow cone machine for me for her birthday. https://t.co/FsHsz5eVND”,0,14,14,https://twitter.com/superdalgas/status/767828437473964033
Nick Craver,Twitter,下午6:10 - 2016年9月6日,喜欢,Adam Lear 的 Twitter: “@Nick_Craver @jc4p @thefarseeker 13/10 studly af. get it right.”,0,2,2,https://twitter.com/aalear/status/773327664912470020
Nick Craver,Twitter,下午5:09 - 2016年8月11日,喜欢,Scott Hanselman 的 Twitter: “Heard the word prebuttal today.”,0,31,10,https://twitter.com/shanselman/status/763890099784290305
Nick Craver,Twitter,上午3:41 - 2016年8月2日,喜欢,Kristøf Claes 的 Twitter: “@Nick_Craver We also need people thinking What if he ever says something like that? about their sons.”,0,7,3,https://twitter.com/kristofclaes/status/760425190685863936
Nick Craver,Twitter,上午8:05 - 2016年7月2日,喜欢,Jay Hanlon 的 Twitter: “Woke up to stool moved from bathroom &amp; 3YO on wrong side of the gate. Pretty sure we&#39;re supposed to close the park. https://t.co/ZCQ5P0zaWn”,0,13,13,https://twitter.com/jayhanlon/status/749257688069054465
Nick Craver,Twitter,下午7:16 - 2016年8月21日,喜欢,David Fowler 的 Twitter: “Rebuilt @ben_a_adams RIO server on top of channels. #dotnet #aspnetcore”,0,23,4,https://twitter.com/davidfowl/status/767545994649047041
Nick Craver,Twitter,上午4:48 - 2016年9月6日,喜欢,Mr Fluent Assertions 的 Twitter: “@onovotny diskpart-&gt;list disk-&gt;select disk x-&gt; clean ;-)”,0,1,1,https://twitter.com/ddoomen/status/773125717336920064
Nick Craver,Twitter,上午5:26 - 2016年8月11日,喜欢,"David Robinson 的 Twitter: “@TedRodrigo65 @FryRsquared PhD from Princeton, but sure”",0,22,2,https://twitter.com/drob/status/763713195005636608
Nick Craver,Twitter,上午8:44 - 2016年7月26日,喜欢,"David Kean 的 Twitter: “@onovotny @Nick_Craver @pshore73 Until Americans stop being punished for voting 3rd party, it&#39;s never going to change.”",0,4,1,https://twitter.com/davkean/status/757964832507211777
Nick Craver,Twitter,下午1:46 - 2016年7月1日,喜欢,Mark Henderson 的 Twitter: “Kids had a good day at the @stackoverflow office. Thanks @sassiestone and everyone else! https://t.co/lHXjerNDWe”,0,5,5,https://twitter.com/thefarseeker/status/748981024403525632
Nick Craver,Twitter,上午3:55 - 2016年8月21日,喜欢,Marc Gravell 的 Twitter: “@Nick_Craver so much this”,0,2,2,https://twitter.com/marcgravell/status/767314099147575296
Nick Craver,Twitter,下午7:04 - 2016年6月30日,喜欢,Saved You A Click 的 Twitter: “when u periscope from the wrong account but accidentally prove people will watch anything”,0,412,12,https://twitter.com/savedyouaclick/status/748698850953662464
Nick Craver,Twitter,上午11:51 - 2016年6月10日,喜欢,Kurtis Beavers 的 Twitter: “@Nick_Craver looking sharp.”,0,1,1,https://twitter.com/kjbeavers/status/741342136323432448
Nick Craver,Twitter,上午10:02 - 2016年5月22日,喜欢,David Kean 的 Twitter: “@Nick_Craver but we want to make this even better: https://t.co/IxafMC6Hg4”,0,2,2,https://twitter.com/davkean/status/734429256835604481
Nick Craver,Twitter,下午7:43 - 2016年4月26日,喜欢,"ERSATZ DEVLOPER 的 Twitter: “@shanemadden @Nick_Craver Pfft. Shell script, please. This is where we reveal our dependency on Java.”",0,4,1,https://twitter.com/jasonpunyon/status/725153489563820033
Nick Craver,Twitter,上午10:12 - 2016年4月1日,喜欢,Scott Hanselman 的 Twitter: “Checking out the most amazing 3D printer. Can&#39;t be believed. https://t.co/7qHbldf7MJ https://t.co/wICtaYHUf3”,0,29,6,https://twitter.com/shanselman/status/715949898038906885
Nick Craver,Twitter,下午6:26 - 2016年6月24日,喜欢,ERSATZ DEVLOPER 的 Twitter: “Dumplings and Mai Tais! with @inscitekjeff @kevinmontrose @aalear @sassiestone Miss you @fody! https://t.co/rKRSaUPEze”,0,18,4,https://twitter.com/jasonpunyon/status/746514983362641920
Nick Craver,Twitter,上午8:31 - 2016年6月10日,喜欢,"David Kean 的 Twitter: “@Nick_Craver Not me personally, but I&#39;ll pass it onto the team. Thanks!”",0,1,1,https://twitter.com/davkean/status/741291698807001088
Nick Craver,Twitter,上午8:40 - 2016年5月22日,喜欢,"Nick Larsen 的 Twitter: “@Nick_Craver @amazonecho well at least you didn&#39;t say add DP, might have gotten something else entirely”",0,1,1,https://twitter.com/fody/status/734408538076909568
Nick Craver,Twitter,下午6:09 - 2016年4月25日,喜欢,Homebrew 的 Twitter: “@Nick_Craver Having this input in advance would’ve been invaluable. Appreciate your thoughts though &amp; wish you all the best going forwards.”,0,1,1,https://twitter.com/machomebrew/status/724767429935648769
Nick Craver,Twitter,下午6:36 - 2016年3月22日,喜欢,"so-called developer 的 Twitter: “@haneycodes @GBrayUT @Nick_Craver ohh, what’s really gonna bake your noodle later on is… why did left-pad have three released versions? 😉”",0,13,2,https://twitter.com/adammaras/status/712452937184743425
Nick Craver,Twitter,下午4:01 - 2016年6月19日,喜欢,"ERSATZ DEVLOPER 的 Twitter: “OK @icmlconf, you&#39;re half forgiven for this Father&#39;s Day scheduling because I did get to see my Dad. https://t.co/qyr9JtK7Bz”",0,11,1,https://twitter.com/jasonpunyon/status/744666495192547328
Nick Craver,Twitter,下午7:44 - 2016年5月31日,喜欢,Matt Sherman 的 Twitter: “@aalear What do your detractors say?”,0,9,2,https://twitter.com/clipperhouse/status/737837258540257280
Nick Craver,Twitter,下午8:38 - 2016年5月13日,喜欢,"Roberta Arcoverde 的 Twitter: “@Nick_Craver &lt;3 it&#39;s working just fine, btw. Most of it. I might have fixed stuff, while introducing new tech debt. Or not.”",0,2,1,https://twitter.com/rla4/status/731327726431391744
Nick Craver,Twitter,上午4:36 - 2016年4月24日,喜欢,Nick Larsen 的 Twitter: “@Nick_Craver hashing? Seriously you should be more inclusive of people without the means to obtain proper nutrition”,0,1,1,https://twitter.com/fody/status/724200359971962884
Nick Craver,Twitter,下午2:40 - 2016年3月11日,喜欢,Jin Yang 的 Twitter: “@codinghorror @Nick_Craver @jc4p @sklivvz @jarrod_dixon https://t.co/K2Kgpe8W2W”,0,5,3,https://twitter.com/jzy/status/708422295778414593
Nick Craver,Twitter,上午11:34 - 2016年6月19日,喜欢,Jay Hanlon 的 Twitter: “@JasonPunyon I wish.  Must be pretty sweet being able to see OVER the seats.”,0,10,10,https://twitter.com/jayhanlon/status/744599276970459136
Nick Craver,Twitter,下午3:53 - 2016年5月30日,喜欢,ERSATZ DEVLOPER 的 Twitter: “https://t.co/qXUwZdpd9T”,0,13,3,https://twitter.com/jasonpunyon/status/737416562416586752
Nick Craver,Twitter,下午6:53 - 2016年5月12日,喜欢,Scott Hanselman 的 Twitter: “Read it later. https://t.co/PWWHBeaFPd https://t.co/2Owt9jOlbh”,0,95,18,https://twitter.com/shanselman/status/730938874906578944
Nick Craver,Twitter,上午6:59 - 2016年4月21日,喜欢,ERSATZ DEVLOPER 的 Twitter: “@Nick_Craver @rla4 How do you Don&#39;t leave your baggage unattended. in one of those?”,0,3,1,https://twitter.com/jasonpunyon/status/723149089446076419
Nick Craver,Twitter,下午6:37 - 2016年3月4日,喜欢,Matt Perdeck 的 Twitter: “Microsoft just published my chapter for the official #aspnetcore doco. Yeah! https://t.co/x5OVGizH5X https://t.co/KxOTmOVscI”,0,19,14,https://twitter.com/mattperdeck/status/705945288683319296
Nick Craver,Twitter,上午8:58 - 2016年6月19日,喜欢,Laura Dobrzynski 的 Twitter: “@df07 happy father&#39;s day!”,0,3,1,https://twitter.com/lauradobrzynski/status/744559981094113280
Nick Craver,Twitter,下午1:57 - 2016年5月11日,喜欢,ERSATZ DEVLOPER 的 Twitter: “Breaking: Punyon fixes the year on the post-mortem timeline.”,0,3,3,https://twitter.com/jasonpunyon/status/730501997850333185
Nick Craver,Twitter,下午12:41 - 2016年4月19日,喜欢,"ERSATZ DEVLOPER 的 Twitter: “@kevinmontrose The next Vietnam will be very different, I think.”",0,1,1,https://twitter.com/jasonpunyon/status/722510337908473856
Nick Craver,Twitter,下午3:52 - 2016年5月30日,喜欢,ERSATZ DEVLOPER 的 Twitter: “https://t.co/hbtBvWLTsj”,0,7,1,https://twitter.com/jasonpunyon/status/737416451045220353
Nick Craver,Twitter,上午7:14 - 2016年6月17日,喜欢,"ERSATZ DEVLOPER 的 Twitter: “Gonna be at @icmlconf for Father&#39;s Day (seriously ICML, way to bork the scheduling), so EARLY GIFTS TO ME! https://t.co/6FhwIEzOAW”",0,24,2,https://twitter.com/jasonpunyon/status/743809044394053632
Nick Craver,Twitter,下午7:09 - 2016年5月8日,喜欢,Saved You A Click 的 Twitter: “I&#39;m humbled and truly grateful that you guys went and defended me. Thank you.  https://t.co/vaPWD8Pbxz”,0,394,31,https://twitter.com/savedyouaclick/status/729493523876196352
Nick Craver,Twitter,下午12:50 - 2016年3月4日,喜欢,"Bill the Lizard 的 Twitter: “If I was the guy who has exclusive rights to the blackest color, I&#39;d just use it to paint fake tunnels on the sides of mountains.”",0,5,1,https://twitter.com/lizardbill/status/705857915173744641
Nick Craver,Twitter,下午3:51 - 2016年5月30日,喜欢,ERSATZ DEVLOPER 的 Twitter: “https://t.co/ejPuqbhpnU”,0,2,1,https://twitter.com/jasonpunyon/status/737416267661905920
Nick Craver,Twitter,上午4:14 - 2016年4月18日,喜欢,m0sa 的 Twitter: “@breki74 @Nick_Craver it&#39;s more like Godzilla”,0,2,1,https://twitter.com/m0sa/status/722020455943684097
Nick Craver,Twitter,下午2:40 - 2016年6月15日,喜欢,ERSATZ DEVLOPER 的 Twitter: “We don&#39;t fuck around with the desktop build around here. https://t.co/Go4wAljTxt”,0,2,1,https://twitter.com/jasonpunyon/status/743196461937004544
Nick Craver,Twitter,上午6:32 - 2016年5月8日,喜欢,"ERSATZ DEVLOPER 的 Twitter: “I need pizza, and Bok Choy, and pineapple... https://t.co/39QCgjneAt”",0,9,1,https://twitter.com/jasonpunyon/status/729302886073573376
Nick Craver,Twitter,下午8:09 - 2016年2月22日,喜欢,Scott Hanselman 的 Twitter: “It&#39;s lit. #LEGO https://t.co/tZtLbkWMvL”,0,25,10,https://twitter.com/shanselman/status/701982133607206912
Nick Craver,Twitter,下午3:51 - 2016年5月30日,喜欢,ERSATZ DEVLOPER 的 Twitter: “https://t.co/ptt8vyumZR”,0,2,1,https://twitter.com/jasonpunyon/status/737416120991289345
Nick Craver,Twitter,上午11:57 - 2016年4月15日,喜欢,"Kevin Dente 的 Twitter: “@codinghorror if they want to make it realistic, they should take the bugs from one player and assign them to another player to fix.”",0,2,2,https://twitter.com/kevindente/status/721049922028449792
Nick Craver,Twitter,下午2:58 - 2016年6月14日,喜欢,ERSATZ DEVLOPER 的 Twitter: “@samsaffron @Nick_Craver check your records. I hearted the fuck out of that tweet.”,0,2,1,https://twitter.com/jasonpunyon/status/742838609129005056
Nick Craver,Twitter,下午4:40 - 2016年5月4日,喜欢,"Scott Hanselman 的 Twitter: “Hey friends! We&#39;re doing a virtual .NET Conference and we want YOU to speak! Our call for papers is up, share! https://t.co/vAYRhHa2MW”",0,95,6,https://twitter.com/shanselman/status/728006421049004032
Nick Craver,Twitter,下午5:05 - 2016年2月18日,喜欢,SwiftOnSecurity 的 Twitter: “Just install Linux https://t.co/AsAOfE8mip”,0,271,16,https://twitter.com/swiftonsecurity/status/700486455152418817
Nick Craver,Twitter,下午3:50 - 2016年5月30日,喜欢,ERSATZ DEVLOPER 的 Twitter: “https://t.co/1DN105ITvM”,0,3,1,https://twitter.com/jasonpunyon/status/737416031354785793
Nick Craver,Twitter,上午6:44 - 2016年4月9日,喜欢,"Pandiyan Murugan 的 Twitter: “@Nick_Craver overall heap memory and doc counts + disk speed&#10;&#10;Check whether any nodes down, and also check reallocation status”",0,1,1,https://twitter.com/pandiyan_cool/status/718796639981309953
Nick Craver,Twitter,下午2:29 - 2016年6月14日,喜欢,ERSATZ DEVLOPER 的 Twitter: “@Nick_Craver Holy shit you bought em.”,0,1,2,https://twitter.com/jasonpunyon/status/742831449456316416
Nick Craver,Twitter,上午2:34 - 2016年4月6日,喜欢,Nick Craver 的 Twitter: “Fun data: https://t.co/kHziCRQRSv”,0,1,1,https://twitter.com/nick_craver/status/717646648533499908
Nick Craver,Twitter,下午6:25 - 2016年5月27日,喜欢,ERSATZ DEVLOPER 的 Twitter: “@sassiestone Technically half those are yours.”,0,8,8,https://twitter.com/jasonpunyon/status/736367732464062464
Nick Craver,Twitter,下午3:37 - 2016年2月10日,喜欢,"Phil Scott 的 Twitter: “@TeaDrivenDev @mkristensen @hmemcpy yeah, I bookmarked it last year but never got around to playing with it - https://t.co/h8Ufri603k”",0,1,1,https://twitter.com/philco78/status/697564959979364352
Nick Craver,Twitter,下午6:01 - 2016年4月29日,喜欢,"Jay Hanlon 的 Twitter: “Ten years ago, I married the love of my life. Happy anniversary, baby. (Baby = @plasticsnyc ) https://t.co/xvwlfSgarn”",0,34,6,https://twitter.com/jayhanlon/status/726214921122381824
Nick Craver,Twitter,上午10:57 - 2016年6月12日,喜欢,"SwiftOnSecurity 的 Twitter: “My thoughts are with those impacted by today&#39;s horrific events. I don&#39;t want to take the spotlight, so I&#39;m just trying to be an escape. 😔”",0,202,20,https://twitter.com/swiftonsecurity/status/742053310945853441
Nick Craver,Twitter,下午2:53 - 2016年4月1日,喜欢,Scott Hanselman 的 Twitter: “Heading to the airport. Super tired. My voice is gone. Thanks everyone for a great #build2016”,0,200,26,https://twitter.com/shanselman/status/716020760716836864
Nick Craver,Twitter,下午4:05 - 2016年5月26日,喜欢,Garpini 的 Twitter: “@codinghorror https://t.co/wjsI6kDrWJ”,0,11,2,https://twitter.com/garpini/status/735970246998298624
Nick Craver,Twitter,下午3:47 - 2016年2月6日,喜欢,Geoff Dalgas 的 Twitter: “@Nick_Craver hhhahaahhhaahhHahhHahahhHHahhhahhahahhahahhhahahahahaahhahhahhahahahahahhaahhahhahahhhahaaahhaahahahhaahahh I feel your pain”,0,3,1,https://twitter.com/superdalgas/status/696118151759708160
Nick Craver,Twitter,上午12:59 - 2016年4月29日,喜欢,"Nicky van Vroenhoven 的 Twitter: “Don&#39;t just say it&#39;s bad, do something about it! Want to get something fixed/improved in #SQLServer Management Studio…https://t.co/gfe77cLTsB”",0,11,1,https://twitter.com/nickyvv/status/725957659585708032
Nick Craver,Twitter,上午8:16 - 2016年2月6日,喜欢,Jay Hanlon 的 Twitter: “@courtnycotten @df07 -1 for making David look tough.  +1 for making him look like @Nick_Craver.”,0,3,3,https://twitter.com/jayhanlon/status/696004499064909826
Nick Craver,Twitter,上午11:25 - 2016年1月31日,喜欢,Shog9 的 Twitter: “@Nick_Craver Some ideas here: https://t.co/Dm8LB1Yv1Z - bricklink seems to be the most popular option.”,0,2,2,https://twitter.com/shog9/status/693877737392439296
Nick Craver,Twitter,下午6:11 - 2015年12月15日,喜欢,Russell T🍕🍍🇨🇦🥓 的 Twitter: “@ErrataRob Maybe it was labeled as outsourcing final QA”,0,2,2,https://twitter.com/mrmeritology/status/676947720377081858
Nick Craver,Twitter,下午2:24 - 2015年10月18日,喜欢,"Elise Craver 的 Twitter: “Watching great football, great company, overlooking the ocean, sea breeze...I can see why people fall in love with San Diego.”",0,3,3,https://twitter.com/e_craver/status/655857121561460736
Nick Craver,Twitter,下午9:02 - 2015年9月20日,喜欢,Scott Hanselman 的 Twitter: “Found a whole box of old business cards! I&#39;m gonna use them this week! https://t.co/b82Jn8Q44g”,0,15,13,https://twitter.com/shanselman/status/645810361166372864
Nick Craver,Twitter,上午10:09 - 2015年7月7日,喜欢,ERSATZ DEVLOPER 的 Twitter: “When your wife sends you ultrasound pics from 5K miles away and you break down in the middle of a room full of 1500 people.”,0,17,4,https://twitter.com/jasonpunyon/status/618466885122830337
Nick Craver,Twitter,下午7:38 - 2016年1月29日,喜欢,Barry Dorrans 的 Twitter: “So @davidfowl&#39;s music request in the car today was Bieber. It took all my self control to not push him out at speed into the road.”,0,11,4,https://twitter.com/blowdart/status/693276952107491329
Nick Craver,Twitter,上午9:14 - 2015年12月7日,喜欢,David Fowler 的 Twitter: “@jonskeet it&#39;ll just make them sad”,0,3,3,https://twitter.com/davidfowl/status/673913595634159616
Nick Craver,Twitter,下午1:03 - 2015年10月18日,喜欢,ERSATZ DEVLOPER 的 Twitter: “Thanks to everyone that made #SOinSD a killer meetup! &lt;3 you all #PropsToOps”,0,17,1,https://twitter.com/jasonpunyon/status/655836510034333696
Nick Craver,Twitter,下午1:38 - 2015年9月18日,喜欢,Kevin Montrose 的 Twitter: “@stevvve don&#39;t be so hard on yourself Steve.”,0,4,4,https://twitter.com/kevinmontrose/status/644973699473481728
Nick Craver,Twitter,上午11:55 - 2015年6月21日,喜欢,"Geoff Dalgas 的 Twitter: “Finally headed home from Denver after a week of #milehighops bubye Oregon servers, I hope you like it in Denver”",0,1,1,https://twitter.com/superdalgas/status/612695328710508544
Nick Craver,Twitter,下午5:20 - 2016年1月28日,喜欢,"Ben Adams 的 Twitter: “@DamianEdwards PacketDirect, traffic shaping/routing in software for SDN and handle 40GB/s on 1 core - good talk: https://t.co/HFPUuRxhdc”",0,3,2,https://twitter.com/ben_a_adams/status/692879921887096832
Nick Craver,Twitter,下午1:45 - 2015年11月17日,喜欢,Jon Galloway 的 Twitter: “notie.js: A clean &amp; simple notification plugin for javascript with no dependencies. &#10;https://t.co/Y7HYfNoCaP https://t.co/m6mdvIA1Me”,0,51,3,https://twitter.com/jongalloway/status/666733926765871105
Nick Craver,Twitter,下午10:33 - 2015年10月17日,喜欢,Ben Dumke-v. d. Ehe 的 Twitter: “@spaanzischeme I would read your biography.”,0,4,4,https://twitter.com/balpha/status/655617564094124032
Nick Craver,Twitter,上午9:12 - 2015年5月25日,喜欢,Ilya Grigorik 的 Twitter: “use Sublime? awesome plugin tips to boost your productivity: http://t.co/ZqTAyajtTd”,0,112,2,https://twitter.com/igrigorik/status/602869745046540289
Nick Craver,Twitter,下午6:29 - 2015年9月11日,喜欢,Kevin Montrose 的 Twitter: “@jzy @Nick_Craver @callouscommits the fuck are you implying?”,0,1,1,https://twitter.com/kevinmontrose/status/642510290484088832
Nick Craver,Twitter,上午7:28 - 2016年1月28日,喜欢,"David Robinson 的 Twitter: “I just started a Search in this project on GitLab, so time to go refill my coffee and maybe pick up knitting https://t.co/d2hFyBXUty”",0,7,1,https://twitter.com/drob/status/692730876409569280
Nick Craver,Twitter,上午7:13 - 2015年11月17日,喜欢,"Marc Gravell 的 Twitter: “@ben_a_adams @Nick_Craver @DamianEdwards Jil/Sigil fully complete; not published, but under mgravell, CoreCLR branch (/cc @kevinmontrose)”",0,4,1,https://twitter.com/marcgravell/status/666635260826927104
Nick Craver,Twitter,下午12:11 - 2015年10月17日,喜欢,"Dean Ward 的 Twitter: “Possible 4 hour delay back to JFK &#39;cos plane captain is ill. I played flight simulator once, maybe I can do it? #SOinSD”",0,4,2,https://twitter.com/deanward81/status/655461222922321920
Nick Craver,Twitter,下午4:19 - 2015年5月20日,喜欢,Visual Studio 的 Twitter: “7 steps to collecting data from a Windows service using #IntelliTrace Standalone Collector: http://t.co/xW4Hdmxgz6 http://t.co/52KnvKRMS9”,0,55,32,https://twitter.com/visualstudio/status/601165257034305536
Nick Craver,Twitter,上午6:58 - 2015年9月6日,喜欢,Elise Craver 的 Twitter: “DJ Bossy Butt at the helm. I&#39;m teaching her the Art of Car Dancing. #carwindowsmakeusinvisible”,0,1,1,https://twitter.com/e_craver/status/640524406175977472
Nick Craver,Twitter,下午10:17 - 2015年12月30日,喜欢,Adam Lear 的 Twitter: “@SuperDalgas camping”,0,2,2,https://twitter.com/aalear/status/682445387500773376
Nick Craver,Twitter,下午2:13 - 2015年11月11日,喜欢,Scott Hanselman 的 Twitter: “This two-factor auth thing is getting out of control. I think my touchid just took a blood sample.”,0,65,12,https://twitter.com/shanselman/status/664566534061199365
Nick Craver,Twitter,上午1:35 - 2015年10月16日,喜欢,David Haney 的 Twitter: “I&#39;m off to bed #SOinSD - it has truly been a pleasure talking with and meeting you all. I feel lucky to work with such awesome people.”,0,4,4,https://twitter.com/haneycodes/status/654938730713628672
Nick Craver,Twitter,下午8:25 - 2015年3月11日,喜欢,"Kendal Van Dyke 的 Twitter: “@Nick_Craver @DBArgenis you know about @NikoNeugebauer&#39;s series on columnstore, right? http://t.co/nAF5DbZbJ3”",0,1,1,https://twitter.com/sqldba/status/575860103125057536
Nick Craver,Twitter,下午5:05 - 2015年9月4日,喜欢,"Whitney Champion 的 Twitter: “B sat down to watch football. then caylin walked over and put her toy story dvd in,  pressed play. owned.”",0,18,1,https://twitter.com/shortxstack/status/639952376196132864
Nick Craver,Twitter,上午11:51 - 2015年12月29日,喜欢,Glenn Berry 的 Twitter: “New blog post: https://t.co/7DKJVIVpDb - SQL Server Diagnostic Query Reorganization #sqlskills #sqlserver #dmv”,0,18,1,https://twitter.com/glennalanberry/status/681925613146476545
Nick Craver,Twitter,下午1:37 - 2015年11月4日,喜欢,ERSATZ DEVLOPER 的 Twitter: “The people I work with are moving mountains in days. #SOProud”,0,8,2,https://twitter.com/jasonpunyon/status/662020910371569664
Nick Craver,Twitter,下午10:51 - 2015年10月12日,喜欢,"Marc Gravell 的 Twitter: “The hardest part of #SOinSD : my 6yo at bedtime: Mummy, I&#39;m not going to stop hugging you &#39;til Daddy gets home! - heart melting”",0,9,1,https://twitter.com/marcgravell/status/653810267239804928
Nick Craver,Twitter,下午8:12 - 2015年3月11日,喜欢,Argenis Fernandez 的 Twitter: “Data Loading performance considerations with Clustered Columnstore indexes - #SQLServer SQLCAT Team http://t.co/HMJyHg0HzN”,0,9,1,https://twitter.com/dbargenis/status/575856790144876544
Nick Craver,Twitter,下午2:10 - 2015年9月4日,喜欢,ERSATZ DEVLOPER 的 Twitter: “Working at @StackOverflow is an embarrassment of riches of friends and support. &lt;3”,0,7,1,https://twitter.com/jasonpunyon/status/639908317045911552
Nick Craver,Twitter,下午7:05 - 2015年12月21日,喜欢,Kevin Montrose 的 Twitter: “.@willcole ... wow”,0,3,1,https://twitter.com/kevinmontrose/status/679135571579678720
Nick Craver,Twitter,下午7:56 - 2015年11月2日,喜欢,Ben Adams 的 Twitter: “@Nick_Craver @davidfowl if you have time cast your eye over some other perf PRs prior to merging https://t.co/GuMfhmVl6Z particularlly #315”,0,1,1,https://twitter.com/ben_a_adams/status/661391532948398080
Nick Craver,Twitter,下午3:21 - 2015年10月9日,喜欢,ERSATZ DEVLOPER 的 Twitter: “Having special Daddy only dinner with Elle. Gonna miss this kid next week while I&#39;m at #SOinSD”,0,4,1,https://twitter.com/jasonpunyon/status/652609814971813888
Nick Craver,Twitter,下午1:07 - 2015年1月29日,喜欢,Elon Musk 的 Twitter: “Video made by owner of a P85D going up a 14% grade on snow passing a whole bunch of stuck SUVs https://t.co/LC9AHx0fuC”,0,"1,279",153,https://twitter.com/elonmusk/status/560906999664508931
Nick Craver,Twitter,下午1:10 - 2015年9月4日,喜欢,ERSATZ DEVLOPER 的 Twitter: “WHAT IS THIS FUCKING TWISTY THING? http://t.co/z1yek1fP9k”,,13,1,https://twitter.com/jasonpunyon/status/639893327828140032
Nick Craver,Twitter,下午7:04 - 2015年12月21日,喜欢,willcole 的 Twitter: “@kevinmontrose the sequel lightens the mood and ties up some loose ends.”,0,6,1,https://twitter.com/willcole/status/679135359280656384
Nick Craver,Twitter,下午4:26 - 2015年10月30日,喜欢,SwiftOnSecurity 的 Twitter: “Question: How do massive companies like Google guard private keys for their certificates when systems are so distributed?”,,112,46,https://twitter.com/swiftonsecurity/status/660236487657545729
Nick Craver,Twitter,下午12:11 - 2015年10月3日,喜欢,ERSATZ DEVLOPER 的 Twitter: “Me and @EllePunyon&#39;s first chair fort. #CHAIRFORT http://t.co/CrU4aLlEMj”,0,8,4,https://twitter.com/jasonpunyon/status/650387699250016256
Nick Craver,Twitter,上午9:13 - 2015年1月22日,喜欢,Microsoft Edge Dev 的 Twitter: “want to know more about #ProjectSpartan and the #Window10 January Preview Build? http://t.co/Q9FQZ5rwkK”,0,27,10,https://twitter.com/msedgedev/status/558311486817177601
Nick Craver,Twitter,上午10:24 - 2015年9月4日,喜欢,ERSATZ DEVLOPER 的 Twitter: “@tinkertim That&#39;s a nice goal you&#39;ve got there. It&#39;d be a shame if something happened to it.”,0,3,3,https://twitter.com/jasonpunyon/status/639851642452594688
Nick Craver,Twitter,下午4:17 - 2015年12月18日,喜欢,"ERSATZ DEVLOPER 的 Twitter: “Fine, whatever. When there&#39;s a toothbrush sticking through the back of your neck you&#39;ll know I was right.”",0,3,1,https://twitter.com/jasonpunyon/status/678006258348236800
Nick Craver,Twitter,下午6:46 - 2015年10月27日,喜欢,"ERSATZ DEVLOPER 的 Twitter: “Alright, Queen Elle&#10;I am NOT Queen Elle. I&#39;m elle claIRE PUNYOOOOOOON!”",0,6,1,https://twitter.com/jasonpunyon/status/659184419668791296
Nick Craver,Twitter,上午9:51 - 2015年10月3日,喜欢,"Thomas Stringer 的 Twitter: “@Nick_Craver travel safe, brother.”",0,2,2,https://twitter.com/tr_stringer/status/650352450612785152
Nick Craver,Twitter,下午6:03 - 2015年1月21日,喜欢,Greg Whitworth 的 Twitter: “@Nick_Craver @jonathansampson https://t.co/7G9MWaybZF”,0,2,1,https://twitter.com/gregwhitworth/status/558082412077662210
Nick Craver,Twitter,上午11:19 - 2015年8月14日,喜欢,"your friend kasra 的 Twitter: “@stevvve that&#39;s not a sentence anyone&#39;s ever said to me before (yours, not the original tweet)”",0,1,2,https://twitter.com/jc4p/status/632255139609505792
Nick Craver,Twitter,下午2:54 - 2015年12月17日,喜欢,Glenn 的 Twitter: “Just pushed a new version of PackageSearch: https://t.co/iqW5TlB7iA it has a few new features and data for RC1 packages. Go check it out.”,0,5,1,https://twitter.com/condrong/status/677622946991620096
Nick Craver,Twitter,下午4:26 - 2015年10月26日,喜欢,SwiftOnSecurity 的 Twitter: “I&#39;m not Snowden.&#10;Please don&#39;t drone me.”,0,119,18,https://twitter.com/swiftonsecurity/status/658786841554882560
Nick Craver,Twitter,上午12:18 - 2015年9月24日,喜欢,"Chris Noessel 的 Twitter: “.@shanselman wakes up #reaktorbreakpoint with jokes about JavaScript,  the new virtual machine. #sketchnotes http://t.co/DRfVvf5pvg”",0,71,6,https://twitter.com/chrisnoessel/status/646946758476595200
Nick Craver,Twitter,上午6:21 - 2014年11月18日,喜欢,m0sa 的 Twitter: “Abusing CSharp 5 http://t.co/NwqCPV8OAc”,0,2,2,https://twitter.com/m0sa/status/534713080995799041
Nick Craver,Twitter,上午11:26 - 2015年7月7日,喜欢,"Damian Edwards 的 Twitter: “@Nick_Craver @davidfowl not that I&#39;m aware, but you can force a process halt w/ Debugger.Launch then do a manual dump”",0,1,2,https://twitter.com/damianedwards/status/618486382210609152
Nick Craver,Twitter,下午9:39 - 2014年11月4日,喜欢,Matt Cutts 的 Twitter: “Google releases an open-source tool to help test and secure SSL: http://t.co/ljWSVpOkDo”,0,340,13,https://twitter.com/mattcutts/status/529870664451104768
Nick Craver,Twitter,下午1:26 - 2014年2月19日,喜欢,PASS 的 Twitter: “RT @AdamMachanic: Submitting for #sqlpass? Please read my guide to abstracts (http://t.co/FIkaIhTVfK) and @BrentO&#39;s (http://t.co/5LFGnMH7O5)”,0,1,1,https://twitter.com/sqlpass/status/436250574573801474
Nick Craver,Twitter,下午2:47 - 2014年10月24日,喜欢,David Haney 的 Twitter: “@SuperDalgas @Nick_Craver but did he remember his socks?”,0,3,1,https://twitter.com/haneycodes/status/525765434835222528
Nick Craver,Twitter,上午11:05 - 2013年12月8日,喜欢,John Papa 的 Twitter: “example: Story: We want repos to load from storage &amp; save at key moments. 1st need to setup the repos to be aware of storage // @keithernet”,0,1,1,https://twitter.com/john_papa/status/409760670410756096
Nick Craver,Twitter,上午12:01 - 2014年9月24日,喜欢,Barry 的 Twitter: “@Nick_Craver wish him a speedy recovery. Can&#39;t be nice for you and your family either :(”,0,1,1,https://twitter.com/codingbadger/status/514670829037445120
Nick Craver,Twitter,上午3:43 - 2013年12月2日,喜欢,Salvatore Sanfilippo 的 Twitter: “Read this comment from Ben Noordhuis if you did not already -&gt; https://t.co/5Zd68w9gJ8”,0,9,4,https://twitter.com/antirez/status/407475124150239232
Nick Craver,Twitter,下午11:00 - 2014年8月6日,喜欢,Ilya Grigorik 的 Twitter: “HTTPS is now a ranking signal in Google search: http://t.co/4tJEcpksbX - HTTPS all the things! ... \o/”,0,254,28,https://twitter.com/igrigorik/status/497260851326238720
Nick Craver,Twitter,下午12:33 - 2013年10月24日,喜欢,David Fullerton 的 Twitter: “@Nick_Craver works for interviews too”,0,1,1,https://twitter.com/df07/status/393460197907521536
Nick Craver,Twitter,下午2:28 - 2014年7月3日,喜欢,C. S. Prakash 的 Twitter: “Those thousands of brands in your supermarket...are really owned by a handful of companies   &#10;http://t.co/68JIgAliTF http://t.co/NDhLfOJGBV”,0,156,12,https://twitter.com/agbioworld/status/484811064085708800
Nick Craver,Twitter,下午2:10 - 2013年9月24日,喜欢,Kevin Montrose 的 Twitter: “Confidential http://t.co/7yvPOABIfY”,0,2,1,https://twitter.com/kevinmontrose/status/382613139604246528
Nick Craver,Twitter,上午8:32 - 2014年4月20日,喜欢,d3noob 的 Twitter: “Finished updating the icons for my http://t.co/KJbxSXz2PL examples. Over 50 #d3js and #Leaflet examples. Pretty :-) http://t.co/Pi3oXl8oid”,0,25,1,https://twitter.com/d3noob/status/457904745017917440
Nick Craver,Twitter,下午1:22 - 2013年8月22日,喜欢,Kevin Montrose 的 Twitter: “What the f http://t.co/adimjsF9Ls”,0,10,8,https://twitter.com/kevinmontrose/status/370642258980515840
Nick Craver,Twitter,下午3:40 - 2014年4月7日,喜欢,Erik Howard 的 Twitter: “Great interview by @GeekDads with Anthony Mackie - The Falcon from Captain America. http://t.co/xxRstZUJEH /cc @shanselman”,0,5,2,https://twitter.com/erik_howard/status/453301372775976960
Nick Craver,Twitter,下午9:44 - 2013年8月8日,喜欢,"@jordansissel 的 Twitter: “If logstash had a common syntax for referencing fields in an event, what term would you use? &#39;field reference&#39; ? something else?”",0,1,8,https://twitter.com/jordansissel/status/365694955236233216
Nick Craver,Twitter,上午8:08 - 2014年4月7日,喜欢,"Visual Studio 的 Twitter: “http://t.co/IyMPN2kMK0 - New preview of “Roslyn”, (officially named) .NET Compiler Platform. now part of .NET &amp; VS, but try it right now”",0,20,40,https://twitter.com/visualstudio/status/453187442322198528
Nick Craver,Twitter,下午3:24 - 2014年4月4日,喜欢,"NBCWashington 的 Twitter: “Va. Congressman Jim Moran says lawmakers can&#39;t live on $174,000 a year. News4&#39;s @MacFarlaneNews breaks down the figures at 6:29pm”",0,12,24,https://twitter.com/nbcwashington/status/452210023138353152
Nick Craver,Twitter,下午1:52 - 2014年2月19日,喜欢,"elastic 的 Twitter: “curious how best to monitor your elasticsearch cluster? recording of todays webinar, @bleskes live showing marvel: http://t.co/oSRVuQO3HC”",0,9,14,https://twitter.com/elastic/status/436257045839609856
